electric,vehicle,sound,quality,interior,noise,laplacian,score,deep,neural,network,model,
annoyance,affective,detectability,electric,vehicle,masking,effect,sound,quality,whine,index/metrics,,
vehicle,electric,vehicle,sound,psychoacoustic,,,,,,,,
interior,noise,neural,network,model,pure,electric,vehicle,semantic,differential,method,sound,
electric,vehicle,noise,permanent-magnet,synchronous,motor/engine,sound,quality,vibration,,,,
electric,vehicle,sound,signature,psychoacoustic,sharpness,,,,,,,
electric,vehicle,signal/feedback/warning,sound,back-up,sound,annoyance,affective,suitability,,,,
creating,illusion,sport,affective,evaluation,modified,throttle,mapping,artificial,motor/engine,sound,electric,vehicle
pure,electric,vehicle,sound,quality,tire,road,noise,optimization,data-driven,,,
electric,vehicle,sound,quality,noise,intelligence,algorithm,artificial,neural,network,model,,
